Workbook

Sheet 運用ルール
B2: 今日のエール - 投稿運用ルール
B4: 週次投稿スケジュール
B6: 曜日区分 | C6: 投稿時刻 | D6: スロット名 | E6: 位置づけ
B7: 平日(月〜金) | C7: 7:30 | D7: 朝 | E7: 朝の一言(コンセプトの核・応援系)
B8: 平日(月〜金) | C8: 12:30 | D8: 昼 | E8: 昼の小ネタ(軽めの一言)
B9: 平日(月〜金) | C9: 18:00 | D9: 夜 | E9: 夜のねぎらい(お疲れさま系)
B10: 土・日 | C10: 9:00 | D10: 土日朝 | E10: 朝のゆったり一言
B12: 週あたり投稿数: 平日3投稿×5日 + 土日1投稿×2日 = 17投稿/週
B14: 備考
B15: ・12:30と18:00は、当初希望した「12:00〜13:00」「17:00〜19:00」の範囲の目安時刻です。
B16: ・まずはこの固定スケジュールで運用し、実績が貯まったら「ダッシュボード」シートで曜日・時間帯別の反応を見て調整してください。
B17: ・投稿内容は「投稿カレンダー」シートに記入し、実際に投稿した後の数値は「実績ログ」シートに記録します。

Sheet 投稿カレンダー
A1: 日付 | B1: 曜日 | C1: スロット | D1: 投稿時刻 | E1: 投稿内容 | F1: ステータス | G1: 備考
A2: 46265 | B2: 月 | C2: 朝 | D2: 0.3125 | E2: 布団から出た時点で、今日のタスクは80%終わってます。えらい。 | F2: 予約済み
A3: 46265 | B3: 月 | C3: 昼 | D3: 0.52083333 | E3: 午前の自分、お疲れさまでした。ここでいったん肩の力抜きましょう。 | F3: 予約済み
A4: 46265 | B4: 月 | C4: 夜 | D4: 0.75 | E4: 今日も1日、ちゃんと生きた。それだけで十分な実績です。 | F4: 予約済み
A5: 46266 | B5: 火 | C5: 朝 | D5: 0.3125 | E5: 完璧な1日じゃなくていい。「まあまあよかった日」を今日の目標にしよう。 | F5: 予約済み
A6: 46266 | B6: 火 | C6: 昼 | D6: 0.52083333 | E6: ランチ、何を食べるか迷う時間も、実は今日いちばん幸せな時間かもしれません。 | F6: 予約済み
A7: 46266 | B7: 火 | C7: 夜 | D7: 0.75 | E7: 今日できたことだけ数えて、できなかったことは明日に丸投げしましょう。 | F7: 予約済み
A8: 46267 | B8: 水 | C8: 朝 | D8: 0.3125 | E8: 今日のあなたは、まだ何も失敗してない。最高のスタートです。 | F8: 予約済み
A9: 46267 | B9: 水 | C9: 昼 | D9: 0.52083333 | E9: 午後、まだ半分残ってます。でも半分「しか」じゃなくて半分「も」あると思うと楽です。 | F9: 予約済み
A10: 46267 | B10: 水 | C10: 夜 | D10: 0.75 | E10: 帰り道、ちゃんと自分の足で歩けたあなた、今日もお疲れさまでした。 | F10: 予約済み
A11: 46268 | B11: 木 | C11: 朝 | D11: 0.3125 | E11: 「よし」と声に出して立ち上がった人、もう今日は勝ちです。 | F11: 予約済み
A12: 46268 | B12: 木 | C12: 昼 | D12: 0.52083333 | E12: 眠気が来たら、それは頑張ってる証拠。無理せずコーヒーでも。 | F12: 予約済み
A13: 46268 | B13: 木 | C13: 夜 | D13: 0.75 | E13: 今日の自分に「よくやった」って、声に出さなくてもいいから思ってあげてください。 | F13: 予約済み
... A137: 46320 | B137: 日 | C137: 土日朝 | D137: 0.375 | E137: 平日の疲れ、今日は無理に取ろうとせず、ただ休みましょう。 | F137: 予約済み

Sheet 実績ログ
A1: 投稿日 | B1: 曜日 | C1: スロット | D1: 投稿時刻 | E1: 投稿内容(冒頭) | F1: いいね | G1: リポスト | H1: 返信 | I1: インプレッション | J1: エンゲージメント率
A2: 46265 | B2: 月 | C2: 朝 | D2: 0.3125 | E2: 布団から出た時点で、今日のタスクは80%終わってます。 | F2: 42 | G2: 8 | H2: 3 | I2: 1850 | J2: =IFERROR((F2+G2+H2)/I2,"")
J3: =IFERROR((F3+G3+H3)/I3,"")
J4: =IFERROR((F4+G4+H4)/I4,"")
J5: =IFERROR((F5+G5+H5)/I5,"")
J6: =IFERROR((F6+G6+H6)/I6,"")
J7: =IFERROR((F7+G7+H7)/I7,"")
J8: =IFERROR((F8+G8+H8)/I8,"")
J9: =IFERROR((F9+G9+H9)/I9,"")
J10: =IFERROR((F10+G10+H10)/I10,"")
J11: =IFERROR((F11+G11+H11)/I11,"")
J12: =IFERROR((F12+G12+H12)/I12,"")
J13: =IFERROR((F13+G13+H13)/I13,"")
J14: =IFERROR((F14+G14+H14)/I14,"")
... J102: =IFERROR((F102+G102+H102)/I102,"")

Sheet ダッシュボード
B2: スロット別パフォーマンス
B4: スロット | C4: 投稿数 | D4: 平均いいね | E4: 平均リポスト | F4: 平均インプレッション | G4: 平均エンゲージメント率
B5: 朝 | C5: =COUNTIF(実績ログ!C:C,B5) | D5: =IFERROR(AVERAGEIF(実績ログ!C:C,B5,実績ログ!F:F),"") | E5: =IFERROR(AVERAGEIF(実績ログ!C:C,B5,実績ログ!G:G),"") | F5: =IFERROR(AVERAGEIF(実績ログ!C:C,B5,実績ログ!I:I),"") | G5: =IFERROR(AVERAGEIF(実績ログ!C:C,B5,実績ログ!J:J),"")
B6: 昼 | C6: =COUNTIF(実績ログ!C:C,B6) | D6: =IFERROR(AVERAGEIF(実績ログ!C:C,B6,実績ログ!F:F),"") | E6: =IFERROR(AVERAGEIF(実績ログ!C:C,B6,実績ログ!G:G),"") | F6: =IFERROR(AVERAGEIF(実績ログ!C:C,B6,実績ログ!I:I),"") | G6: =IFERROR(AVERAGEIF(実績ログ!C:C,B6,実績ログ!J:J),"")
B7: 夜 | C7: =COUNTIF(実績ログ!C:C,B7) | D7: =IFERROR(AVERAGEIF(実績ログ!C:C,B7,実績ログ!F:F),"") | E7: =IFERROR(AVERAGEIF(実績ログ!C:C,B7,実績ログ!G:G),"") | F7: =IFERROR(AVERAGEIF(実績ログ!C:C,B7,実績ログ!I:I),"") | G7: =IFERROR(AVERAGEIF(実績ログ!C:C,B7,実績ログ!J:J),"")
B8: 土日朝 | C8: =COUNTIF(実績ログ!C:C,B8) | D8: =IFERROR(AVERAGEIF(実績ログ!C:C,B8,実績ログ!F:F),"") | E8: =IFERROR(AVERAGEIF(実績ログ!C:C,B8,実績ログ!G:G),"") | F8: =IFERROR(AVERAGEIF(実績ログ!C:C,B8,実績ログ!I:I),"") | G8: =IFERROR(AVERAGEIF(実績ログ!C:C,B8,実績ログ!J:J),"")
B11: 曜日別パフォーマンス
B13: 曜日 | C13: 投稿数 | D13: 平均いいね | E13: 平均リポスト | F13: 平均インプレッション | G13: 平均エンゲージメント率
B14: 月 | C14: =COUNTIF(実績ログ!B:B,B14) | D14: =IFERROR(AVERAGEIF(実績ログ!B:B,B14,実績ログ!F:F),"") | E14: =IFERROR(AVERAGEIF(実績ログ!B:B,B14,実績ログ!G:G),"") | F14: =IFERROR(AVERAGEIF(実績ログ!B:B,B14,実績ログ!I:I),"") | G14: =IFERROR(AVERAGEIF(実績ログ!B:B,B14,実績ログ!J:J),"")
B15: 火 | C15: =COUNTIF(実績ログ!B:B,B15) | D15: =IFERROR(AVERAGEIF(実績ログ!B:B,B15,実績ログ!F:F),"") | E15: =IFERROR(AVERAGEIF(実績ログ!B:B,B15,実績ログ!G:G),"") | F15: =IFERROR(AVERAGEIF(実績ログ!B:B,B15,実績ログ!I:I),"") | G15: =IFERROR(AVERAGEIF(実績ログ!B:B,B15,実績ログ!J:J),"")
B16: 水 | C16: =COUNTIF(実績ログ!B:B,B16) | D16: =IFERROR(AVERAGEIF(実績ログ!B:B,B16,実績ログ!F:F),"") | E16: =IFERROR(AVERAGEIF(実績ログ!B:B,B16,実績ログ!G:G),"") | F16: =IFERROR(AVERAGEIF(実績ログ!B:B,B16,実績ログ!I:I),"") | G16: =IFERROR(AVERAGEIF(実績ログ!B:B,B16,実績ログ!J:J),"")
B17: 木 | C17: =COUNTIF(実績ログ!B:B,B17) | D17: =IFERROR(AVERAGEIF(実績ログ!B:B,B17,実績ログ!F:F),"") | E17: =IFERROR(AVERAGEIF(実績ログ!B:B,B17,実績ログ!G:G),"") | F17: =IFERROR(AVERAGEIF(実績ログ!B:B,B17,実績ログ!I:I),"") | G17: =IFERROR(AVERAGEIF(実績ログ!B:B,B17,実績ログ!J:J),"")
B18: 金 | C18: =COUNTIF(実績ログ!B:B,B18) | D18: =IFERROR(AVERAGEIF(実績ログ!B:B,B18,実績ログ!F:F),"") | E18: =IFERROR(AVERAGEIF(実績ログ!B:B,B18,実績ログ!G:G),"") | F18: =IFERROR(AVERAGEIF(実績ログ!B:B,B18,実績ログ!I:I),"") | G18: =IFERROR(AVERAGEIF(実績ログ!B:B,B18,実績ログ!J:J),"")
B19: 土 | C19: =COUNTIF(実績ログ!B:B,B19) | D19: =IFERROR(AVERAGEIF(実績ログ!B:B,B19,実績ログ!F:F),"") | E19: =IFERROR(AVERAGEIF(実績ログ!B:B,B19,実績ログ!G:G),"") | F19: =IFERROR(AVERAGEIF(実績ログ!B:B,B19,実績ログ!I:I),"") | G19: =IFERROR(AVERAGEIF(実績ログ!B:B,B19,実績ログ!J:J),"")
B20: 日 | C20: =COUNTIF(実績ログ!B:B,B20) | D20: =IFERROR(AVERAGEIF(実績ログ!B:B,B20,実績ログ!F:F),"") | E20: =IFERROR(AVERAGEIF(実績ログ!B:B,B20,実績ログ!G:G),"") | F20: =IFERROR(AVERAGEIF(実績ログ!B:B,B20,実績ログ!I:I),"") | G20: =IFERROR(AVERAGEIF(実績ログ!B:B,B20,実績ログ!J:J),"")
B22: ※「実績ログ」シートにデータを追加すると、この表は自動更新されます。
